{"faithfulness": 0.6039674849915814, "answer_similarity": 0.9286714463482453, "answer_correctness": 0.6007333462685217, "answer_relevancy": 0.873919862037994}