{"faithfulness": 0.6120389984847817, "answer_similarity": 0.9342336582714058, "answer_correctness": 0.6070261620713925, "answer_relevancy": 0.8464865767644414}