{"faithfulness": 0.5852074966532798, "answer_similarity": 0.9319900542324585, "answer_correctness": 0.6073265700502953, "answer_relevancy": 0.8672629596585706}