{"faithfulness": 0.5644462168041483, "answer_similarity": 0.9100292610905664, "answer_correctness": 0.5576408248288397, "answer_relevancy": 0.7346431512468816}