{"faithfulness": 0.5796741843871539, "answer_similarity": 0.9307004097867612, "answer_correctness": 0.5599384116418, "answer_relevancy": 0.8811816952351241}