{"faithfulness": 0.46879062683749895, "answer_correctness": 0.46094278107667724, "answer_relevancy": 0.6100441791773453, "context_precision": 0.9828282827467675, "context_recall": 0.9475855996958281, "context_relevancy": 0.02971108638337176}