{"faithfulness": 0.5850389134176457, "answer_similarity": 0.9332354975906569, "answer_correctness": 0.6119330475683187, "answer_relevancy": 0.8631596782616584}