{"faithfulness": 0.5730917175194283, "answer_similarity": 0.9294001962290448, "answer_correctness": 0.6037324480401127, "answer_relevancy": 0.8451675175210567}