{"faithfulness": 0.6204660977013545, "answer_correctness": 0.5943479494289725, "answer_relevancy": 0.8200455139330483, "context_precision": 0.9999999999186745, "context_recall": 0.9879518072289156, "context_relevancy": 0.04707651987759758}