{"faithfulness": 0.4755300821627353, "answer_correctness": 0.4335094299268275, "answer_relevancy": 0.5657598107079703, "context_precision": 0.9795918366545916, "context_recall": 0.9734586466165414, "context_relevancy": 0.04160849133650012}