{"faithfulness": 0.6164345438796183, "answer_similarity": 0.9338353779983278, "answer_correctness": 0.6211707225286442, "answer_relevancy": 0.8907643651238155}