{"faithfulness": 0.6300856085406049, "answer_similarity": 0.926832722531206, "answer_correctness": 0.6030960682722012, "answer_relevancy": 0.8598416971529124}